sample-id	fwd_barcode	rev_barcode	forward_primer	reverse_primer	extraction_method	site	filtration	sample_type	sample_name	read_counts
PDQeX_tank_active_1	TCACTAG	GATCAG	GACCCTATGGAGCTTTAGAC	CGCTGTTATCCCTADRGTAACT	PDQeX	tank	active	sample	PDQeX_tank_active_1	22524
PDQeX_tank_active_2	TCACTAG	CTCTAC	GACCCTATGGAGCTTTAGAC	CGCTGTTATCCCTADRGTAACT	PDQeX	tank	active	sample	PDQeX_tank_active_2	21060
PDQeX_tank_active_3	TCACTAG	ACTAGA	GACCCTATGGAGCTTTAGAC	CGCTGTTATCCCTADRGTAACT	PDQeX	tank	active	sample	PDQeX_tank_active_3	24802
PDQeX_tank_active_4	TCACTAG	CTCTGA	GACCCTATGGAGCTTTAGAC	CGCTGTTATCCCTADRGTAACT	PDQeX	tank	active	sample	PDQeX_tank_active_4	16476
PDQeX_tank_active_5	TCACTAG	CACACT	GACCCTATGGAGCTTTAGAC	CGCTGTTATCCCTADRGTAACT	PDQeX	tank	active	sample	PDQeX_tank_active_5	26048
Qiagen_tank_active_1	TCACTAG	AGAGAG	GACCCTATGGAGCTTTAGAC	CGCTGTTATCCCTADRGTAACT	Qiagen	tank	active	sample	Qiagen_tank_active_1	64748
Qiagen_tank_active_2	TCACTAG	CTGATC	GACCCTATGGAGCTTTAGAC	CGCTGTTATCCCTADRGTAACT	Qiagen	tank	active	sample	Qiagen_tank_active_2	50486
Qiagen_tank_active_3	TCACTAG	TATCGT	GACCCTATGGAGCTTTAGAC	CGCTGTTATCCCTADRGTAACT	Qiagen	tank	active	sample	Qiagen_tank_active_3	52092
Qiagen_tank_active_4	TCACTAG	CGTCTA	GACCCTATGGAGCTTTAGAC	CGCTGTTATCCCTADRGTAACT	Qiagen	tank	active	sample	Qiagen_tank_active_4	48675
Qiagen_tank_active_5	TCACTAG	AGAGACTA	GACCCTATGGAGCTTTAGAC	CGCTGTTATCCCTADRGTAACT	Qiagen	tank	active	sample	Qiagen_tank_active_5	59393
PDQeX_tank_CN_1	TAGATAG	GATCAG	GACCCTATGGAGCTTTAGAC	CGCTGTTATCCCTADRGTAACT	PDQeX	tank	CN	sample	PDQeX_tank_CN_1	145
PDQeX_tank_CN_2	TAGATAG	CTCTAC	GACCCTATGGAGCTTTAGAC	CGCTGTTATCCCTADRGTAACT	PDQeX	tank	CN	sample	PDQeX_tank_CN_2	0
PDQeX_tank_CN_3	TAGATAG	ACTAGA	GACCCTATGGAGCTTTAGAC	CGCTGTTATCCCTADRGTAACT	PDQeX	tank	CN	sample	PDQeX_tank_CN_3	75011
PDQeX_tank_CN_4	TAGATAG	CTCTGA	GACCCTATGGAGCTTTAGAC	CGCTGTTATCCCTADRGTAACT	PDQeX	tank	CN	sample	PDQeX_tank_CN_4	23059
PDQeX_tank_CN_5	TAGATAG	CACACT	GACCCTATGGAGCTTTAGAC	CGCTGTTATCCCTADRGTAACT	PDQeX	tank	CN	sample	PDQeX_tank_CN_5	1078
Qiagen_tank_CN_1	TAGATAG	AGAGAG	GACCCTATGGAGCTTTAGAC	CGCTGTTATCCCTADRGTAACT	Qiagen	tank	CN	sample	Qiagen_tank_CN_1	2411
Qiagen_tank_CN_2	TAGATAG	CTGATC	GACCCTATGGAGCTTTAGAC	CGCTGTTATCCCTADRGTAACT	Qiagen	tank	CN	sample	Qiagen_tank_CN_2	68212
Qiagen_tank_CN_3	TAGATAG	TATCGT	GACCCTATGGAGCTTTAGAC	CGCTGTTATCCCTADRGTAACT	Qiagen	tank	CN	sample	Qiagen_tank_CN_3	60907
Qiagen_tank_CN_4	TAGATAG	CGTCTA	GACCCTATGGAGCTTTAGAC	CGCTGTTATCCCTADRGTAACT	Qiagen	tank	CN	sample	Qiagen_tank_CN_4	54537
Qiagen_tank_CN_5	TAGATAG	AGAGACTA	GACCCTATGGAGCTTTAGAC	CGCTGTTATCCCTADRGTAACT	Qiagen	tank	CN	sample	Qiagen_tank_CN_5	70554
PDQeX_tank_nyl_1	ATGTGAG	GATCAG	GACCCTATGGAGCTTTAGAC	CGCTGTTATCCCTADRGTAACT	PDQeX	tank	nyl	sample	PDQeX_tank_nyl_1	148
PDQeX_tank_nyl_2	ATGTGAG	CTCTAC	GACCCTATGGAGCTTTAGAC	CGCTGTTATCCCTADRGTAACT	PDQeX	tank	nyl	sample	PDQeX_tank_nyl_2	4
PDQeX_tank_nyl_3	ATGTGAG	ACTAGA	GACCCTATGGAGCTTTAGAC	CGCTGTTATCCCTADRGTAACT	PDQeX	tank	nyl	sample	PDQeX_tank_nyl_3	81287
PDQeX_tank_nyl_4	ATGTGAG	CTCTGA	GACCCTATGGAGCTTTAGAC	CGCTGTTATCCCTADRGTAACT	PDQeX	tank	nyl	sample	PDQeX_tank_nyl_4	1
PDQeX_tank_nyl_5	ATGTGAG	CACACT	GACCCTATGGAGCTTTAGAC	CGCTGTTATCCCTADRGTAACT	PDQeX	tank	nyl	sample	PDQeX_tank_nyl_5	26324
Qiagen_tank_nyl_1	ATGTGAG	AGAGAG	GACCCTATGGAGCTTTAGAC	CGCTGTTATCCCTADRGTAACT	Qiagen	tank	nyl	sample	Qiagen_tank_nyl_1	22835
Qiagen_tank_nyl_2	ATGTGAG	CTGATC	GACCCTATGGAGCTTTAGAC	CGCTGTTATCCCTADRGTAACT	Qiagen	tank	nyl	sample	Qiagen_tank_nyl_2	71701
Qiagen_tank_nyl_3	ATGTGAG	TATCGT	GACCCTATGGAGCTTTAGAC	CGCTGTTATCCCTADRGTAACT	Qiagen	tank	nyl	sample	Qiagen_tank_nyl_3	66352
Qiagen_tank_nyl_4	ATGTGAG	CGTCTA	GACCCTATGGAGCTTTAGAC	CGCTGTTATCCCTADRGTAACT	Qiagen	tank	nyl	sample	Qiagen_tank_nyl_4	20345
Qiagen_tank_nyl_5	ATGTGAG	AGAGACTA	GACCCTATGGAGCTTTAGAC	CGCTGTTATCCCTADRGTAACT	Qiagen	tank	nyl	sample	Qiagen_tank_nyl_5	25635
PDQeX_tank_pos_nyl_1	AGTCGAG	GATCAG	GACCCTATGGAGCTTTAGAC	CGCTGTTATCCCTADRGTAACT	PDQeX	tank	pos_nyl	sample	PDQeX_tank_pos_nyl_1	142
PDQeX_tank_pos_nyl_2	AGTCGAG	CTCTAC	GACCCTATGGAGCTTTAGAC	CGCTGTTATCCCTADRGTAACT	PDQeX	tank	pos_nyl	sample	PDQeX_tank_pos_nyl_2	73199
PDQeX_tank_pos_nyl_3	AGTCGAG	ACTAGA	GACCCTATGGAGCTTTAGAC	CGCTGTTATCCCTADRGTAACT	PDQeX	tank	pos_nyl	sample	PDQeX_tank_pos_nyl_3	28568
PDQeX_tank_pos_nyl_4	AGTCGAG	CTCTGA	GACCCTATGGAGCTTTAGAC	CGCTGTTATCCCTADRGTAACT	PDQeX	tank	pos_nyl	sample	PDQeX_tank_pos_nyl_4	22555
PDQeX_tank_pos_nyl_5	AGTCGAG	CACACT	GACCCTATGGAGCTTTAGAC	CGCTGTTATCCCTADRGTAACT	PDQeX	tank	pos_nyl	sample	PDQeX_tank_pos_nyl_5	71428
Qiagen_tank_pos_nyl_1	AGTCGAG	AGAGAG	GACCCTATGGAGCTTTAGAC	CGCTGTTATCCCTADRGTAACT	Qiagen	tank	pos_nyl	sample	Qiagen_tank_pos_nyl_1	32413
Qiagen_tank_pos_nyl_2	AGTCGAG	CTGATC	GACCCTATGGAGCTTTAGAC	CGCTGTTATCCCTADRGTAACT	Qiagen	tank	pos_nyl	sample	Qiagen_tank_pos_nyl_2	24115
Qiagen_tank_pos_nyl_3	AGTCGAG	TATCGT	GACCCTATGGAGCTTTAGAC	CGCTGTTATCCCTADRGTAACT	Qiagen	tank	pos_nyl	sample	Qiagen_tank_pos_nyl_3	25243
Qiagen_tank_pos_nyl_4	AGTCGAG	CGTCTA	GACCCTATGGAGCTTTAGAC	CGCTGTTATCCCTADRGTAACT	Qiagen	tank	pos_nyl	sample	Qiagen_tank_pos_nyl_4	56889
Qiagen_tank_pos_nyl_5	AGTCGAG	AGAGACTA	GACCCTATGGAGCTTTAGAC	CGCTGTTATCCCTADRGTAACT	Qiagen	tank	pos_nyl	sample	Qiagen_tank_pos_nyl_5	24781
PDQeX_NEG_tank_active	TCACTAG	ATGATCAC	GACCCTATGGAGCTTTAGAC	CGCTGTTATCCCTADRGTAACT	PDQeX	tank	active	negative	PDQeX_NEG_tank_active	2
Qiagen_NEG_tank_active	TAGATAG	ATGATCAC	GACCCTATGGAGCTTTAGAC	CGCTGTTATCCCTADRGTAACT	Qiagen	tank	active	negative	Qiagen_NEG_tank_active	0
PDQeX_NEG_extract_1	ATGTGAG	ATGATCAC	GACCCTATGGAGCTTTAGAC	CGCTGTTATCCCTADRGTAACT	PDQeX	NEG	NEG	negative	PDQeX_NEG_extract_1	0
Qiagen_NEG_extract_1	AGTCGAG	ATGATCAC	GACCCTATGGAGCTTTAGAC	CGCTGTTATCCCTADRGTAACT	Qiagen	NEG	NEG	negative	Qiagen_NEG_extract_1	0
qPCR_NEG_1	TCGCATC	ATGATCAC	GACCCTATGGAGCTTTAGAC	CGCTGTTATCCCTADRGTAACT	NEG	NEG	NEG	negative	qPCR_NEG_1	318
PDQeX_field_active_1	TCGCATC	GATCAG	GACCCTATGGAGCTTTAGAC	CGCTGTTATCCCTADRGTAACT	PDQeX	field	active	sample	PDQeX_field_active_1	55067
PDQeX_field_active_2	TCGCATC	CTCTAC	GACCCTATGGAGCTTTAGAC	CGCTGTTATCCCTADRGTAACT	PDQeX	field	active	sample	PDQeX_field_active_2	42762
PDQeX_field_active_3	TCGCATC	ACTAGA	GACCCTATGGAGCTTTAGAC	CGCTGTTATCCCTADRGTAACT	PDQeX	field	active	sample	PDQeX_field_active_3	37884
PDQeX_field_active_4	TCGCATC	CTCTGA	GACCCTATGGAGCTTTAGAC	CGCTGTTATCCCTADRGTAACT	PDQeX	field	active	sample	PDQeX_field_active_4	6
PDQeX_field_active_5	TCGCATC	CACACT	GACCCTATGGAGCTTTAGAC	CGCTGTTATCCCTADRGTAACT	PDQeX	field	active	sample	PDQeX_field_active_5	54343
Qiagen_field_active_1	TCGCATC	AGAGAG	GACCCTATGGAGCTTTAGAC	CGCTGTTATCCCTADRGTAACT	Qiagen	field	active	sample	Qiagen_field_active_1	107520
Qiagen_field_active_2	TCGCATC	CTGATC	GACCCTATGGAGCTTTAGAC	CGCTGTTATCCCTADRGTAACT	Qiagen	field	active	sample	Qiagen_field_active_2	103519
Qiagen_field_active_3	TCGCATC	TATCGT	GACCCTATGGAGCTTTAGAC	CGCTGTTATCCCTADRGTAACT	Qiagen	field	active	sample	Qiagen_field_active_3	98443
Qiagen_field_active_4	TCGCATC	CGTCTA	GACCCTATGGAGCTTTAGAC	CGCTGTTATCCCTADRGTAACT	Qiagen	field	active	sample	Qiagen_field_active_4	88058
Qiagen_field_active_5	TCGCATC	AGAGACTA	GACCCTATGGAGCTTTAGAC	CGCTGTTATCCCTADRGTAACT	Qiagen	field	active	sample	Qiagen_field_active_5	92411
PDQeX_field_CN_1	TGCGATC	GATCAG	GACCCTATGGAGCTTTAGAC	CGCTGTTATCCCTADRGTAACT	PDQeX	field	CN	sample	PDQeX_field_CN_1	306
PDQeX_field_CN_2	TGCGATC	CTCTAC	GACCCTATGGAGCTTTAGAC	CGCTGTTATCCCTADRGTAACT	PDQeX	field	CN	sample	PDQeX_field_CN_2	0
PDQeX_field_CN_3	TGCGATC	ACTAGA	GACCCTATGGAGCTTTAGAC	CGCTGTTATCCCTADRGTAACT	PDQeX	field	CN	sample	PDQeX_field_CN_3	4
PDQeX_field_CN_4	TGCGATC	CTCTGA	GACCCTATGGAGCTTTAGAC	CGCTGTTATCCCTADRGTAACT	PDQeX	field	CN	sample	PDQeX_field_CN_4	13122
PDQeX_field_CN_5	TGCGATC	CACACT	GACCCTATGGAGCTTTAGAC	CGCTGTTATCCCTADRGTAACT	PDQeX	field	CN	sample	PDQeX_field_CN_5	47364
Qiagen_field_CN_1	TGCGATC	AGAGAG	GACCCTATGGAGCTTTAGAC	CGCTGTTATCCCTADRGTAACT	Qiagen	field	CN	sample	Qiagen_field_CN_1	16
Qiagen_field_CN_2	TGCGATC	CTGATC	GACCCTATGGAGCTTTAGAC	CGCTGTTATCCCTADRGTAACT	Qiagen	field	CN	sample	Qiagen_field_CN_2	117879
Qiagen_field_CN_3	TGCGATC	TATCGT	GACCCTATGGAGCTTTAGAC	CGCTGTTATCCCTADRGTAACT	Qiagen	field	CN	sample	Qiagen_field_CN_3	119494
Qiagen_field_CN_4	TGCGATC	CGTCTA	GACCCTATGGAGCTTTAGAC	CGCTGTTATCCCTADRGTAACT	Qiagen	field	CN	sample	Qiagen_field_CN_4	115762
Qiagen_field_CN_5	TGCGATC	AGAGACTA	GACCCTATGGAGCTTTAGAC	CGCTGTTATCCCTADRGTAACT	Qiagen	field	CN	sample	Qiagen_field_CN_5	123329
PDQeX_field_nyl_1	TCTCTGTG	GATCAG	GACCCTATGGAGCTTTAGAC	CGCTGTTATCCCTADRGTAACT	PDQeX	field	nyl	sample	PDQeX_field_nyl_1	341
PDQeX_field_nyl_2	TCTCTGTG	CTCTAC	GACCCTATGGAGCTTTAGAC	CGCTGTTATCCCTADRGTAACT	PDQeX	field	nyl	sample	PDQeX_field_nyl_2	3
PDQeX_field_nyl_3	TCTCTGTG	ACTAGA	GACCCTATGGAGCTTTAGAC	CGCTGTTATCCCTADRGTAACT	PDQeX	field	nyl	sample	PDQeX_field_nyl_3	51759
PDQeX_field_nyl_4	TCTCTGTG	CTCTGA	GACCCTATGGAGCTTTAGAC	CGCTGTTATCCCTADRGTAACT	PDQeX	field	nyl	sample	PDQeX_field_nyl_4	43950
PDQeX_field_nyl_5	TCTCTGTG	CACACT	GACCCTATGGAGCTTTAGAC	CGCTGTTATCCCTADRGTAACT	PDQeX	field	nyl	sample	PDQeX_field_nyl_5	6
Qiagen_field_nyl_1	TCTCTGTG	AGAGAG	GACCCTATGGAGCTTTAGAC	CGCTGTTATCCCTADRGTAACT	Qiagen	field	nyl	sample	Qiagen_field_nyl_1	128234
Qiagen_field_nyl_2	TCTCTGTG	CTGATC	GACCCTATGGAGCTTTAGAC	CGCTGTTATCCCTADRGTAACT	Qiagen	field	nyl	sample	Qiagen_field_nyl_2	107710
Qiagen_field_nyl_3	TCTCTGTG	TATCGT	GACCCTATGGAGCTTTAGAC	CGCTGTTATCCCTADRGTAACT	Qiagen	field	nyl	sample	Qiagen_field_nyl_3	123376
Qiagen_field_nyl_4	TCTCTGTG	CGTCTA	GACCCTATGGAGCTTTAGAC	CGCTGTTATCCCTADRGTAACT	Qiagen	field	nyl	sample	Qiagen_field_nyl_4	113437
Qiagen_field_nyl_5	TCTCTGTG	AGAGACTA	GACCCTATGGAGCTTTAGAC	CGCTGTTATCCCTADRGTAACT	Qiagen	field	nyl	sample	Qiagen_field_nyl_5	118241
PDQeX_field_pos_nyl_1	ATGCGATG	GATCAG	GACCCTATGGAGCTTTAGAC	CGCTGTTATCCCTADRGTAACT	PDQeX	field	pos_nyl	sample	PDQeX_field_pos_nyl_1	23444
PDQeX_field_pos_nyl_2	ATGCGATG	CTCTAC	GACCCTATGGAGCTTTAGAC	CGCTGTTATCCCTADRGTAACT	PDQeX	field	pos_nyl	sample	PDQeX_field_pos_nyl_2	10
PDQeX_field_pos_nyl_3	ATGCGATG	ACTAGA	GACCCTATGGAGCTTTAGAC	CGCTGTTATCCCTADRGTAACT	PDQeX	field	pos_nyl	sample	PDQeX_field_pos_nyl_3	23
PDQeX_field_pos_nyl_4	ATGCGATG	CTCTGA	GACCCTATGGAGCTTTAGAC	CGCTGTTATCCCTADRGTAACT	PDQeX	field	pos_nyl	sample	PDQeX_field_pos_nyl_4	12
PDQeX_field_pos_nyl_5	ATGCGATG	CACACT	GACCCTATGGAGCTTTAGAC	CGCTGTTATCCCTADRGTAACT	PDQeX	field	pos_nyl	sample	PDQeX_field_pos_nyl_5	5
Qiagen_field_pos_nyl_1	ATGCGATG	AGAGAG	GACCCTATGGAGCTTTAGAC	CGCTGTTATCCCTADRGTAACT	Qiagen	field	pos_nyl	sample	Qiagen_field_pos_nyl_1	17
Qiagen_field_pos_nyl_2	ATGCGATG	CTGATC	GACCCTATGGAGCTTTAGAC	CGCTGTTATCCCTADRGTAACT	Qiagen	field	pos_nyl	sample	Qiagen_field_pos_nyl_2	41020
Qiagen_field_pos_nyl_3	ATGCGATG	TATCGT	GACCCTATGGAGCTTTAGAC	CGCTGTTATCCCTADRGTAACT	Qiagen	field	pos_nyl	sample	Qiagen_field_pos_nyl_3	40343
Qiagen_field_pos_nyl_4	ATGCGATG	CGTCTA	GACCCTATGGAGCTTTAGAC	CGCTGTTATCCCTADRGTAACT	Qiagen	field	pos_nyl	sample	Qiagen_field_pos_nyl_4	47889
Qiagen_field_pos_nyl_5	ATGCGATG	AGAGACTA	GACCCTATGGAGCTTTAGAC	CGCTGTTATCCCTADRGTAACT	Qiagen	field	pos_nyl	sample	Qiagen_field_pos_nyl_5	46822
PDQeX_NEG_extract_2	TGCGATC	ATGATCAC	GACCCTATGGAGCTTTAGAC	CGCTGTTATCCCTADRGTAACT	PDQeX	NEG	NEG	negative	PDQeX_NEG_extract_2	0
Qiagen_NEG_extract_2	TCTCTGTG	ATGATCAC	GACCCTATGGAGCTTTAGAC	CGCTGTTATCCCTADRGTAACT	Qiagen	NEG	NEG	negative	Qiagen_NEG_extract_2	0
PDQeX_tank_sponge_tissue_1	ACGTCATG	GATCAG	GACCCTATGGAGCTTTAGAC	CGCTGTTATCCCTADRGTAACT	PDQeX	tank	sponge_tissue	sample	PDQeX_tank_sponge_tissue_1	49148
PDQeX_tank_sponge_tissue_2	ACGTCATG	CTCTAC	GACCCTATGGAGCTTTAGAC	CGCTGTTATCCCTADRGTAACT	PDQeX	tank	sponge_tissue	sample	PDQeX_tank_sponge_tissue_2	48305
PDQeX_tank_sponge_tissue_3	ACGTCATG	ACTAGA	GACCCTATGGAGCTTTAGAC	CGCTGTTATCCCTADRGTAACT	PDQeX	tank	sponge_tissue	sample	PDQeX_tank_sponge_tissue_3	27394
PDQeX_tank_sponge_tissue_4	ACGTCATG	CTCTGA	GACCCTATGGAGCTTTAGAC	CGCTGTTATCCCTADRGTAACT	PDQeX	tank	sponge_tissue	sample	PDQeX_tank_sponge_tissue_4	26890
PDQeX_tank_sponge_tissue_5	ACGTCATG	CACACT	GACCCTATGGAGCTTTAGAC	CGCTGTTATCCCTADRGTAACT	PDQeX	tank	sponge_tissue	sample	PDQeX_tank_sponge_tissue_5	26719
Qiagen_tank_sponge_tissue_1	ACGTCATG	AGAGAG	GACCCTATGGAGCTTTAGAC	CGCTGTTATCCCTADRGTAACT	Qiagen	tank	sponge_tissue	sample	Qiagen_tank_sponge_tissue_1	16311
Qiagen_tank_sponge_tissue_2	ACGTCATG	CTGATC	GACCCTATGGAGCTTTAGAC	CGCTGTTATCCCTADRGTAACT	Qiagen	tank	sponge_tissue	sample	Qiagen_tank_sponge_tissue_2	27002
Qiagen_tank_sponge_tissue_3	ACGTCATG	TATCGT	GACCCTATGGAGCTTTAGAC	CGCTGTTATCCCTADRGTAACT	Qiagen	tank	sponge_tissue	sample	Qiagen_tank_sponge_tissue_3	25446
Qiagen_tank_sponge_tissue_4	ACGTCATG	CGTCTA	GACCCTATGGAGCTTTAGAC	CGCTGTTATCCCTADRGTAACT	Qiagen	tank	sponge_tissue	sample	Qiagen_tank_sponge_tissue_4	24340
Qiagen_tank_sponge_tissue_5	ACGTCATG	AGAGACTA	GACCCTATGGAGCTTTAGAC	CGCTGTTATCCCTADRGTAACT	Qiagen	tank	sponge_tissue	sample	Qiagen_tank_sponge_tissue_5	46030
PDQeX_tank_net_1	TCATGTCG	GATCAG	GACCCTATGGAGCTTTAGAC	CGCTGTTATCCCTADRGTAACT	PDQeX	tank	net	sample	PDQeX_tank_net_1	24781
PDQeX_tank_net_2	TCATGTCG	CTCTAC	GACCCTATGGAGCTTTAGAC	CGCTGTTATCCCTADRGTAACT	PDQeX	tank	net	sample	PDQeX_tank_net_2	20726
PDQeX_tank_net_3	TCATGTCG	ACTAGA	GACCCTATGGAGCTTTAGAC	CGCTGTTATCCCTADRGTAACT	PDQeX	tank	net	sample	PDQeX_tank_net_3	46074
PDQeX_tank_net_4	TCATGTCG	CTCTGA	GACCCTATGGAGCTTTAGAC	CGCTGTTATCCCTADRGTAACT	PDQeX	tank	net	sample	PDQeX_tank_net_4	23857
PDQeX_tank_net_5	TCATGTCG	CACACT	GACCCTATGGAGCTTTAGAC	CGCTGTTATCCCTADRGTAACT	PDQeX	tank	net	sample	PDQeX_tank_net_5	26572
Qiagen_tank_net_1	TCATGTCG	AGAGAG	GACCCTATGGAGCTTTAGAC	CGCTGTTATCCCTADRGTAACT	Qiagen	tank	net	sample	Qiagen_tank_net_1	58847
Qiagen_tank_net_2	TCATGTCG	CTGATC	GACCCTATGGAGCTTTAGAC	CGCTGTTATCCCTADRGTAACT	Qiagen	tank	net	sample	Qiagen_tank_net_2	73567
Qiagen_tank_net_3	TCATGTCG	TATCGT	GACCCTATGGAGCTTTAGAC	CGCTGTTATCCCTADRGTAACT	Qiagen	tank	net	sample	Qiagen_tank_net_3	17
Qiagen_tank_net_4	TCATGTCG	CGTCTA	GACCCTATGGAGCTTTAGAC	CGCTGTTATCCCTADRGTAACT	Qiagen	tank	net	sample	Qiagen_tank_net_4	23119
Qiagen_tank_net_5	TCATGTCG	AGAGACTA	GACCCTATGGAGCTTTAGAC	CGCTGTTATCCCTADRGTAACT	Qiagen	tank	net	sample	Qiagen_tank_net_5	67569
PDQeX_tank_mussel_tissue_1	TAGCGTCG	GATCAG	GACCCTATGGAGCTTTAGAC	CGCTGTTATCCCTADRGTAACT	PDQeX	tank	mussel_tissue	sample	PDQeX_tank_mussel_tissue_1	127
PDQeX_tank_mussel_tissue_2	TAGCGTCG	CTCTAC	GACCCTATGGAGCTTTAGAC	CGCTGTTATCCCTADRGTAACT	PDQeX	tank	mussel_tissue	sample	PDQeX_tank_mussel_tissue_2	0
PDQeX_tank_mussel_tissue_3	TAGCGTCG	ACTAGA	GACCCTATGGAGCTTTAGAC	CGCTGTTATCCCTADRGTAACT	PDQeX	tank	mussel_tissue	sample	PDQeX_tank_mussel_tissue_3	0
PDQeX_tank_mussel_tissue_4	TAGCGTCG	CTCTGA	GACCCTATGGAGCTTTAGAC	CGCTGTTATCCCTADRGTAACT	PDQeX	tank	mussel_tissue	sample	PDQeX_tank_mussel_tissue_4	0
PDQeX_tank_mussel_tissue_5	TAGCGTCG	CACACT	GACCCTATGGAGCTTTAGAC	CGCTGTTATCCCTADRGTAACT	PDQeX	tank	mussel_tissue	sample	PDQeX_tank_mussel_tissue_5	20
Qiagen_tank_mussel_tissue_1	TAGCGTCG	AGAGAG	GACCCTATGGAGCTTTAGAC	CGCTGTTATCCCTADRGTAACT	Qiagen	tank	mussel_tissue	sample	Qiagen_tank_mussel_tissue_1	156
Qiagen_tank_mussel_tissue_2	TAGCGTCG	CTGATC	GACCCTATGGAGCTTTAGAC	CGCTGTTATCCCTADRGTAACT	Qiagen	tank	mussel_tissue	sample	Qiagen_tank_mussel_tissue_2	1189
Qiagen_tank_mussel_tissue_3	TAGCGTCG	TATCGT	GACCCTATGGAGCTTTAGAC	CGCTGTTATCCCTADRGTAACT	Qiagen	tank	mussel_tissue	sample	Qiagen_tank_mussel_tissue_3	364
Qiagen_tank_mussel_tissue_4	TAGCGTCG	CGTCTA	GACCCTATGGAGCTTTAGAC	CGCTGTTATCCCTADRGTAACT	Qiagen	tank	mussel_tissue	sample	Qiagen_tank_mussel_tissue_4	139
Qiagen_tank_mussel_tissue_5	TAGCGTCG	AGAGACTA	GACCCTATGGAGCTTTAGAC	CGCTGTTATCCCTADRGTAACT	Qiagen	tank	mussel_tissue	sample	Qiagen_tank_mussel_tissue_5	3660
PDQeX_tank_mussel_ethanol_1	TCTACTCG	GATCAG	GACCCTATGGAGCTTTAGAC	CGCTGTTATCCCTADRGTAACT	PDQeX	tank	mussel_ethanol	sample	PDQeX_tank_mussel_ethanol_1	337
PDQeX_tank_mussel_ethanol_2	TCTACTCG	CTCTAC	GACCCTATGGAGCTTTAGAC	CGCTGTTATCCCTADRGTAACT	PDQeX	tank	mussel_ethanol	sample	PDQeX_tank_mussel_ethanol_2	1
PDQeX_tank_mussel_ethanol_3	TCTACTCG	ACTAGA	GACCCTATGGAGCTTTAGAC	CGCTGTTATCCCTADRGTAACT	PDQeX	tank	mussel_ethanol	sample	PDQeX_tank_mussel_ethanol_3	0
PDQeX_tank_mussel_ethanol_4	TCTACTCG	CTCTGA	GACCCTATGGAGCTTTAGAC	CGCTGTTATCCCTADRGTAACT	PDQeX	tank	mussel_ethanol	sample	PDQeX_tank_mussel_ethanol_4	0
PDQeX_tank_mussel_ethanol_5	TCTACTCG	CACACT	GACCCTATGGAGCTTTAGAC	CGCTGTTATCCCTADRGTAACT	PDQeX	tank	mussel_ethanol	sample	PDQeX_tank_mussel_ethanol_5	0
Qiagen_tank_mussel_ethanol_1	TCTACTCG	AGAGAG	GACCCTATGGAGCTTTAGAC	CGCTGTTATCCCTADRGTAACT	Qiagen	tank	mussel_ethanol	sample	Qiagen_tank_mussel_ethanol_1	1044
Qiagen_tank_mussel_ethanol_2	TCTACTCG	CTGATC	GACCCTATGGAGCTTTAGAC	CGCTGTTATCCCTADRGTAACT	Qiagen	tank	mussel_ethanol	sample	Qiagen_tank_mussel_ethanol_2	106
Qiagen_tank_mussel_ethanol_3	TCTACTCG	TATCGT	GACCCTATGGAGCTTTAGAC	CGCTGTTATCCCTADRGTAACT	Qiagen	tank	mussel_ethanol	sample	Qiagen_tank_mussel_ethanol_3	6056
Qiagen_tank_mussel_ethanol_4	TCTACTCG	CGTCTA	GACCCTATGGAGCTTTAGAC	CGCTGTTATCCCTADRGTAACT	Qiagen	tank	mussel_ethanol	sample	Qiagen_tank_mussel_ethanol_4	113
Qiagen_tank_mussel_ethanol_5	TCTACTCG	AGAGACTA	GACCCTATGGAGCTTTAGAC	CGCTGTTATCCCTADRGTAACT	Qiagen	tank	mussel_ethanol	sample	Qiagen_tank_mussel_ethanol_5	75
PDQeX_NEG_extract_3	TCATGTCG	ATGATCAC	GACCCTATGGAGCTTTAGAC	CGCTGTTATCCCTADRGTAACT	PDQeX	NEG	NEG	negative	PDQeX_NEG_extract_3	4
Qiagen_NEG_extract_3	TAGCGTCG	ATGATCAC	GACCCTATGGAGCTTTAGAC	CGCTGTTATCCCTADRGTAACT	Qiagen	NEG	NEG	negative	Qiagen_NEG_extract_3	0
qPCR_NEG_2	ACGTCATG	ATGATCAC	GACCCTATGGAGCTTTAGAC	CGCTGTTATCCCTADRGTAACT	NEG	NEG	NEG	negative	qPCR_NEG_2	12
PDQeX_field_sponge_tissue_1	TACGAGAC	GATCAG	GACCCTATGGAGCTTTAGAC	CGCTGTTATCCCTADRGTAACT	PDQeX	field	sponge_tissue	sample	PDQeX_field_sponge_tissue_1	261
PDQeX_field_sponge_tissue_2	TACGAGAC	CTCTAC	GACCCTATGGAGCTTTAGAC	CGCTGTTATCCCTADRGTAACT	PDQeX	field	sponge_tissue	sample	PDQeX_field_sponge_tissue_2	9
PDQeX_field_sponge_tissue_3	TACGAGAC	ACTAGA	GACCCTATGGAGCTTTAGAC	CGCTGTTATCCCTADRGTAACT	PDQeX	field	sponge_tissue	sample	PDQeX_field_sponge_tissue_3	66190
PDQeX_field_sponge_tissue_4	TACGAGAC	CTCTGA	GACCCTATGGAGCTTTAGAC	CGCTGTTATCCCTADRGTAACT	PDQeX	field	sponge_tissue	sample	PDQeX_field_sponge_tissue_4	4046
PDQeX_field_sponge_tissue_5	TACGAGAC	CACACT	GACCCTATGGAGCTTTAGAC	CGCTGTTATCCCTADRGTAACT	PDQeX	field	sponge_tissue	sample	PDQeX_field_sponge_tissue_5	3
Qiagen_field_sponge_tissue_1	TACGAGAC	AGAGAG	GACCCTATGGAGCTTTAGAC	CGCTGTTATCCCTADRGTAACT	Qiagen	field	sponge_tissue	sample	Qiagen_field_sponge_tissue_1	127553
Qiagen_field_sponge_tissue_2	TACGAGAC	CTGATC	GACCCTATGGAGCTTTAGAC	CGCTGTTATCCCTADRGTAACT	Qiagen	field	sponge_tissue	sample	Qiagen_field_sponge_tissue_2	127062
Qiagen_field_sponge_tissue_3	TACGAGAC	TATCGT	GACCCTATGGAGCTTTAGAC	CGCTGTTATCCCTADRGTAACT	Qiagen	field	sponge_tissue	sample	Qiagen_field_sponge_tissue_3	109296
Qiagen_field_sponge_tissue_4	TACGAGAC	CGTCTA	GACCCTATGGAGCTTTAGAC	CGCTGTTATCCCTADRGTAACT	Qiagen	field	sponge_tissue	sample	Qiagen_field_sponge_tissue_4	102837
Qiagen_field_sponge_tissue_5	TACGAGAC	AGAGACTA	GACCCTATGGAGCTTTAGAC	CGCTGTTATCCCTADRGTAACT	Qiagen	field	sponge_tissue	sample	Qiagen_field_sponge_tissue_5	121779
PDQeX_field_net_1	AGTCAGAC	GATCAG	GACCCTATGGAGCTTTAGAC	CGCTGTTATCCCTADRGTAACT	PDQeX	field	net	sample	PDQeX_field_net_1	366
PDQeX_field_net_2	AGTCAGAC	CTCTAC	GACCCTATGGAGCTTTAGAC	CGCTGTTATCCCTADRGTAACT	PDQeX	field	net	sample	PDQeX_field_net_2	96646
PDQeX_field_net_3	AGTCAGAC	ACTAGA	GACCCTATGGAGCTTTAGAC	CGCTGTTATCCCTADRGTAACT	PDQeX	field	net	sample	PDQeX_field_net_3	107915
PDQeX_field_net_4	AGTCAGAC	CTCTGA	GACCCTATGGAGCTTTAGAC	CGCTGTTATCCCTADRGTAACT	PDQeX	field	net	sample	PDQeX_field_net_4	56785
PDQeX_field_net_5	AGTCAGAC	CACACT	GACCCTATGGAGCTTTAGAC	CGCTGTTATCCCTADRGTAACT	PDQeX	field	net	sample	PDQeX_field_net_5	7
Qiagen_field_net_1	AGTCAGAC	AGAGAG	GACCCTATGGAGCTTTAGAC	CGCTGTTATCCCTADRGTAACT	Qiagen	field	net	sample	Qiagen_field_net_1	153571
Qiagen_field_net_2	AGTCAGAC	CTGATC	GACCCTATGGAGCTTTAGAC	CGCTGTTATCCCTADRGTAACT	Qiagen	field	net	sample	Qiagen_field_net_2	109345
Qiagen_field_net_3	AGTCAGAC	TATCGT	GACCCTATGGAGCTTTAGAC	CGCTGTTATCCCTADRGTAACT	Qiagen	field	net	sample	Qiagen_field_net_3	115546
Qiagen_field_net_4	AGTCAGAC	CGTCTA	GACCCTATGGAGCTTTAGAC	CGCTGTTATCCCTADRGTAACT	Qiagen	field	net	sample	Qiagen_field_net_4	101131
Qiagen_field_net_5	AGTCAGAC	AGAGACTA	GACCCTATGGAGCTTTAGAC	CGCTGTTATCCCTADRGTAACT	Qiagen	field	net	sample	Qiagen_field_net_5	132064
PDQeX_field_mussel_tissue_1	TATGTCAC	GATCAG	GACCCTATGGAGCTTTAGAC	CGCTGTTATCCCTADRGTAACT	PDQeX	field	mussel_tissue	sample	PDQeX_field_mussel_tissue_1	92
PDQeX_field_mussel_tissue_2	TATGTCAC	CTCTAC	GACCCTATGGAGCTTTAGAC	CGCTGTTATCCCTADRGTAACT	PDQeX	field	mussel_tissue	sample	PDQeX_field_mussel_tissue_2	102
PDQeX_field_mussel_tissue_3	TATGTCAC	ACTAGA	GACCCTATGGAGCTTTAGAC	CGCTGTTATCCCTADRGTAACT	PDQeX	field	mussel_tissue	sample	PDQeX_field_mussel_tissue_3	2
PDQeX_field_mussel_tissue_4	TATGTCAC	CTCTGA	GACCCTATGGAGCTTTAGAC	CGCTGTTATCCCTADRGTAACT	PDQeX	field	mussel_tissue	sample	PDQeX_field_mussel_tissue_4	4
PDQeX_field_mussel_tissue_5	TATGTCAC	CACACT	GACCCTATGGAGCTTTAGAC	CGCTGTTATCCCTADRGTAACT	PDQeX	field	mussel_tissue	sample	PDQeX_field_mussel_tissue_5	2
Qiagen_field_mussel_tissue_1	TATGTCAC	AGAGAG	GACCCTATGGAGCTTTAGAC	CGCTGTTATCCCTADRGTAACT	Qiagen	field	mussel_tissue	sample	Qiagen_field_mussel_tissue_1	186
Qiagen_field_mussel_tissue_2	TATGTCAC	CTGATC	GACCCTATGGAGCTTTAGAC	CGCTGTTATCCCTADRGTAACT	Qiagen	field	mussel_tissue	sample	Qiagen_field_mussel_tissue_2	74
Qiagen_field_mussel_tissue_3	TATGTCAC	TATCGT	GACCCTATGGAGCTTTAGAC	CGCTGTTATCCCTADRGTAACT	Qiagen	field	mussel_tissue	sample	Qiagen_field_mussel_tissue_3	51
Qiagen_field_mussel_tissue_4	TATGTCAC	CGTCTA	GACCCTATGGAGCTTTAGAC	CGCTGTTATCCCTADRGTAACT	Qiagen	field	mussel_tissue	sample	Qiagen_field_mussel_tissue_4	7
Qiagen_field_mussel_tissue_5	TATGTCAC	AGAGACTA	GACCCTATGGAGCTTTAGAC	CGCTGTTATCCCTADRGTAACT	Qiagen	field	mussel_tissue	sample	Qiagen_field_mussel_tissue_5	10
PDQeX_field_mussel_ethanol_1	ACATAGTC	GATCAG	GACCCTATGGAGCTTTAGAC	CGCTGTTATCCCTADRGTAACT	PDQeX	field	mussel_ethanol	sample	PDQeX_field_mussel_ethanol_1	221
PDQeX_field_mussel_ethanol_2	ACATAGTC	CTCTAC	GACCCTATGGAGCTTTAGAC	CGCTGTTATCCCTADRGTAACT	PDQeX	field	mussel_ethanol	sample	PDQeX_field_mussel_ethanol_2	74
PDQeX_field_mussel_ethanol_3	ACATAGTC	ACTAGA	GACCCTATGGAGCTTTAGAC	CGCTGTTATCCCTADRGTAACT	PDQeX	field	mussel_ethanol	sample	PDQeX_field_mussel_ethanol_3	179
PDQeX_field_mussel_ethanol_4	ACATAGTC	CTCTGA	GACCCTATGGAGCTTTAGAC	CGCTGTTATCCCTADRGTAACT	PDQeX	field	mussel_ethanol	sample	PDQeX_field_mussel_ethanol_4	72
PDQeX_field_mussel_ethanol_5	ACATAGTC	CACACT	GACCCTATGGAGCTTTAGAC	CGCTGTTATCCCTADRGTAACT	PDQeX	field	mussel_ethanol	sample	PDQeX_field_mussel_ethanol_5	68
Qiagen_field_mussel_ethanol_1	ACATAGTC	AGAGAG	GACCCTATGGAGCTTTAGAC	CGCTGTTATCCCTADRGTAACT	Qiagen	field	mussel_ethanol	sample	Qiagen_field_mussel_ethanol_1	129
Qiagen_field_mussel_ethanol_2	ACATAGTC	CTGATC	GACCCTATGGAGCTTTAGAC	CGCTGTTATCCCTADRGTAACT	Qiagen	field	mussel_ethanol	sample	Qiagen_field_mussel_ethanol_2	205
Qiagen_field_mussel_ethanol_3	ACATAGTC	TATCGT	GACCCTATGGAGCTTTAGAC	CGCTGTTATCCCTADRGTAACT	Qiagen	field	mussel_ethanol	sample	Qiagen_field_mussel_ethanol_3	455
Qiagen_field_mussel_ethanol_4	ACATAGTC	CGTCTA	GACCCTATGGAGCTTTAGAC	CGCTGTTATCCCTADRGTAACT	Qiagen	field	mussel_ethanol	sample	Qiagen_field_mussel_ethanol_4	228
Qiagen_field_mussel_ethanol_5	ACATAGTC	AGAGACTA	GACCCTATGGAGCTTTAGAC	CGCTGTTATCCCTADRGTAACT	Qiagen	field	mussel_ethanol	sample	Qiagen_field_mussel_ethanol_5	230
PDQeX_NEG_extract_4	AGTCAGAC	ATGATCAC	GACCCTATGGAGCTTTAGAC	CGCTGTTATCCCTADRGTAACT	PDQeX	NEG	NEG	negative	PDQeX_NEG_extract_4	2
Qiagen_NEG_extract_4	TATGTCAC	ATGATCAC	GACCCTATGGAGCTTTAGAC	CGCTGTTATCCCTADRGTAACT	Qiagen	NEG	NEG	negative	Qiagen_NEG_extract_4	0
qPCR_NEG_3	TACGAGAC	ATGATCAC	GACCCTATGGAGCTTTAGAC	CGCTGTTATCCCTADRGTAACT	NEG	NEG	NEG	negative	qPCR_NEG_3	1
